pack_uid,label,series,brand,model,cells,capacity_mAh,charge_mode,status,in_service,retired,purchase_date,price_usd,vendor,notes
CNHL-2026-001,D-1,D,CNHL,V2 6S ~1300 Black,6,1300,individual,D pool / no parallel,S263,,,,,"ex C1-P1; moved to D-1 2026-10-08: self-discharge Cell 6 (chronic low floor; 2026-09-27 floor 3509 mV, imbalance 191 mV); never parallel; in_service = earliest row-backed session S263 (no calendar date); capacity ~1300 mAh approx (brand tag); purchase_date/price_usd/vendor blank until owner supplies"
CNHL-2026-002,C1-P2,C1,CNHL,V2 6S ~1300 Black,6,1300,parallel,OK,S263,,,,,2026-09-27 GO spread 26; in_service = earliest row-backed session S263 (no calendar date); capacity ~1300 mAh approx (brand tag); purchase_date/price_usd/vendor blank until owner supplies
CNHL-2026-003,C1-P3,C1,CNHL,V2 6S ~1300 Black,6,1300,parallel,Caution,S263,,,,,2026-09-27 spread 40 + floor 3578 EYE (imb 122 not SD); in_service = earliest row-backed session S263 (no calendar date); capacity ~1300 mAh approx (brand tag); purchase_date/price_usd/vendor blank until owner supplies
CNHL-2026-004,C1-P4,C1,CNHL,V2 6S ~1300 Black,6,1300,parallel,Caution,S263,,,,,"reduced A; chronic Cell1 pack-max IR (HARD fingerprint); 2026-09-27 spread 45 Caution, Cell1 561, floor 3603; in_service = earliest row-backed session S263 (no calendar date); capacity ~1300 mAh approx (brand tag); purchase_date/price_usd/vendor blank until owner supplies"
CNHL-2026-005,C1-P5,C1,CNHL,V2 6S ~1300 Black,6,1300,individual,Watch,S263,,,,,"individual charge, Rule B N/A; status call 2026-10-08 from 2026-09-27: floor 3539 mV EYE, lowest rest 21.523 V, spread 33; in_service = earliest row-backed session S263 (no calendar date); capacity ~1300 mAh approx (brand tag); purchase_date/price_usd/vendor blank until owner supplies"
CNHL-2026-006,C1-P6,C1,CNHL,V2 6S ~1300 Black,6,1300,parallel,OK,S263,,,,,2026-09-27 GO spread 16 floor 3644 (not in the 2026-10-08 status list; taken from 2026-09-27 report); in_service = earliest row-backed session S263 (no calendar date); capacity ~1300 mAh approx (brand tag); purchase_date/price_usd/vendor blank until owner supplies
CNHL-2026-007,C2-P1,C2,CNHL,V2 6S ~1300 Black,6,1300,parallel,OK,S263,,,,,2026-09-30 GO spread 17; in_service = earliest row-backed session S263 (no calendar date); capacity ~1300 mAh approx (brand tag); purchase_date/price_usd/vendor blank until owner supplies
CNHL-2026-008,C2-P2,C2,CNHL,V2 6S ~1300 Black,6,1300,parallel,Caution,S263,,,,,"floor EYE 3597 (2026-09-30), imb 103 not SD; Cell3 pack-min IR (HARD fingerprint); in_service = earliest row-backed session S263 (no calendar date); capacity ~1300 mAh approx (brand tag); purchase_date/price_usd/vendor blank until owner supplies"
CNHL-2026-009,C2-P3,C2,CNHL,V2 6S ~1300 Black,6,1300,parallel,OK,S263,,,,,2026-09-30 GO spread 26; in_service = earliest row-backed session S263 (no calendar date); capacity ~1300 mAh approx (brand tag); purchase_date/price_usd/vendor blank until owner supplies
CNHL-2026-010,C2-P4,C2,CNHL,V2 6S ~1300 Black,6,1300,parallel,OK,S263,,,,,2026-09-30 GO spread 17; in_service = earliest row-backed session S263 (no calendar date); capacity ~1300 mAh approx (brand tag); purchase_date/price_usd/vendor blank until owner supplies
CNHL-2026-011,C2-P5,C2,CNHL,V2 6S ~1300 Black,6,1300,parallel,OK,S263,,,,,"2026-09-30 GO spread 19; replacement pack (qualified on Charge_244_CH2); the earlier pulled C2-P5 pack has no uid (not split, per owner); in_service = earliest row-backed session S263 (no calendar date); capacity ~1300 mAh approx (brand tag); purchase_date/price_usd/vendor blank until owner supplies"
CNHL-2026-012,C2-P6,C2,CNHL,V2 6S ~1300 Black,6,1300,parallel,OK,S263,,,,,2026-09-30 GO spread 18; lowest C2 avg; in_service = earliest row-backed session S263 (no calendar date); capacity ~1300 mAh approx (brand tag); purchase_date/price_usd/vendor blank until owner supplies
