date,pack_uid,event,from_label,to_label,reason
S263,CNHL-2026-001,commission,,C1-P1,commission at earliest row-backed session S263 (S-session id; no calendar date recorded; SoT catalog lists earlier labeled nights from S071 with no rows); uid assigned 2026-10-08 in label order
S263,CNHL-2026-002,commission,,C1-P2,commission at earliest row-backed session S263 (S-session id; no calendar date recorded; SoT catalog lists earlier labeled nights from S071 with no rows); uid assigned 2026-10-08 in label order
S263,CNHL-2026-003,commission,,C1-P3,commission at earliest row-backed session S263 (S-session id; no calendar date recorded; SoT catalog lists earlier labeled nights from S071 with no rows); uid assigned 2026-10-08 in label order
S263,CNHL-2026-004,commission,,C1-P4,commission at earliest row-backed session S263 (S-session id; no calendar date recorded; SoT catalog lists earlier labeled nights from S071 with no rows); uid assigned 2026-10-08 in label order
S263,CNHL-2026-005,commission,,C1-P5,commission at earliest row-backed session S263 (S-session id; no calendar date recorded; SoT catalog lists earlier labeled nights from S071 with no rows); uid assigned 2026-10-08 in label order
S263,CNHL-2026-006,commission,,C1-P6,commission at earliest row-backed session S263 (S-session id; no calendar date recorded; SoT catalog lists earlier labeled nights from S071 with no rows); uid assigned 2026-10-08 in label order
S263,CNHL-2026-007,commission,,C2-P1,commission at earliest row-backed session S263 (S-session id; no calendar date recorded; SoT catalog lists earlier labeled nights from S071 with no rows); uid assigned 2026-10-08 in label order
S263,CNHL-2026-008,commission,,C2-P2,commission at earliest row-backed session S263 (S-session id; no calendar date recorded; SoT catalog lists earlier labeled nights from S071 with no rows); uid assigned 2026-10-08 in label order
S263,CNHL-2026-009,commission,,C2-P3,commission at earliest row-backed session S263 (S-session id; no calendar date recorded; SoT catalog lists earlier labeled nights from S071 with no rows); uid assigned 2026-10-08 in label order
S263,CNHL-2026-010,commission,,C2-P4,commission at earliest row-backed session S263 (S-session id; no calendar date recorded; SoT catalog lists earlier labeled nights from S071 with no rows); uid assigned 2026-10-08 in label order
S263,CNHL-2026-011,commission,,C2-P5,"commission at earliest row-backed session S263 (S-session id; no calendar date recorded; SoT catalog lists earlier labeled nights from S071 with no rows); uid assigned 2026-10-08 in label order; this is the replacement C2-P5 (qualified on Charge_244_CH2, before S263); earlier pulled C2-P5 pack gets no uid"
S263,CNHL-2026-012,commission,,C2-P6,commission at earliest row-backed session S263 (S-session id; no calendar date recorded; SoT catalog lists earlier labeled nights from S071 with no rows); uid assigned 2026-10-08 in label order
2026-10-08,CNHL-2026-001,move,C1-P1,D-1,"self-discharge Cell 6 (chronic low floor; 2026-09-27 floor 3509 mV, imbalance 191 mV)"
