session,charger_alias,channel,series,mode,nnn_first,nnn_last,slots,notes
S386,DX8-1,CH1,C1,parallel,386,396,C1-P1|C1-P2|C1-P3|C1-P4|C1-P5|C1-P6,"legacy single-charger night; old scheme CH1=C1 six / CH2=C2 six; NNN 386, 388, 390, 392, 394, 396; file_nnn verified against raw ;130; lines + header SN"
S386,DX8-1,CH2,C2,parallel,387,397,C2-P1|C2-P2|C2-P3|C2-P4|C2-P5|C2-P6,"legacy single-charger night; old scheme CH1=C1 six / CH2=C2 six; NNN 387, 389, 391, 393, 395, 397; file_nnn verified against raw ;130; lines + header SN"
S413,DX8-1,CH1,C1,parallel,,,C1-P1|C1-P2|C1-P3|C1-P4|C1-P5|C1-P6,"legacy night, session range 413-424; per-channel NNN NOT recoverable (re-uploads carry hashed filenames, no NNN in body) - left blank; header SN checked on all 12 re-upload files"
S413,DX8-1,CH2,C2,parallel,,,C2-P1|C2-P2|C2-P3|C2-P4|C2-P5|C2-P6,"legacy night, session range 413-424; per-channel NNN NOT recoverable (re-uploads carry hashed filenames, no NNN in body) - left blank; header SN checked on all 12 re-upload files"
S287,DX8-1,CH1,C1,parallel,287,297,C1-P1|C1-P2|C1-P3|C1-P4|C1-P5|C1-P6,"legacy single-charger night; old scheme CH1=C1 six / CH2=C2 six; NNN 287, 289, 291, 293, 295, 297; file_nnn verified against raw ;130; lines + header SN"
S287,DX8-1,CH2,C2,parallel,288,298,C2-P1|C2-P2|C2-P3|C2-P4|C2-P5|C2-P6,"legacy single-charger night; old scheme CH1=C1 six / CH2=C2 six; NNN 288, 290, 292, 294, 296, 298; file_nnn verified against raw ;130; lines + header SN"
S372,DX8-1,CH1,C1,parallel,372,382,C1-P1|C1-P2|C1-P3|C1-P4|C1-P5|C1-P6,"legacy single-charger night; old scheme CH1=C1 six / CH2=C2 six; NNN 372, 374, 376, 378, 380, 382; file_nnn verified against raw ;130; lines + header SN"
S372,DX8-1,CH2,C2,parallel,373,383,C2-P1|C2-P2|C2-P3|C2-P4|C2-P5|C2-P6,"legacy single-charger night; old scheme CH1=C1 six / CH2=C2 six; NNN 373, 375, 377, 379, 381, 383; file_nnn verified against raw ;130; lines + header SN"
S263,DX8-1,CH1,C1,parallel,263,273,C1-P1|C1-P2|C1-P3|C1-P4|C1-P5|C1-P6,"legacy single-charger night; old scheme CH1=C1 six / CH2=C2 six; NNN 263, 265, 267, 269, 271, 273; file_nnn verified against raw ;130; lines + header SN"
S263,DX8-1,CH2,C2,parallel,264,274,C2-P1|C2-P2|C2-P3|C2-P4|C2-P5|C2-P6,"legacy single-charger night; old scheme CH1=C1 six / CH2=C2 six; NNN 264, 266, 268, 270, 272, 274; file_nnn verified against raw ;130; lines + header SN"
S308,DX8-1,CH1,C1,parallel,308,318,C1-P1|C1-P2|C1-P3|C1-P4|C1-P5|C1-P6,"legacy single-charger night; old scheme CH1=C1 six / CH2=C2 six; NNN 308, 310, 312, 314, 316, 318; file_nnn verified against raw ;130; lines + header SN"
S308,DX8-1,CH2,C2,parallel,309,319,C2-P1|C2-P2|C2-P3|C2-P4|C2-P5|C2-P6,"legacy single-charger night; old scheme CH1=C1 six / CH2=C2 six; NNN 309, 311, 313, 315, 317, 319; file_nnn verified against raw ;130; lines + header SN"
S329,DX8-1,CH1,C1,parallel,329,339,C1-P1|C1-P2|C1-P3|C1-P4|C1-P5|C1-P6,"legacy single-charger night; old scheme CH1=C1 six / CH2=C2 six; NNN 329, 331, 333, 335, 337, 339; file_nnn verified against raw ;130; lines + header SN"
S329,DX8-1,CH2,C2,parallel,330,340,C2-P1|C2-P2|C2-P3|C2-P4|C2-P5|C2-P6,"legacy single-charger night; old scheme CH1=C1 six / CH2=C2 six; NNN 330, 332, 334, 336, 338, 340; file_nnn verified against raw ;130; lines + header SN"
S344,DX8-1,CH1,C1,parallel,344,354,C1-P1|C1-P2|C1-P3|C1-P4|C1-P5|C1-P6,"legacy single-charger night; old scheme CH1=C1 six / CH2=C2 six; NNN 344, 346, 348, 350, 352, 354; file_nnn verified against raw ;130; lines + header SN"
S344,DX8-1,CH2,C2,parallel,345,355,C2-P1|C2-P2|C2-P3|C2-P4|C2-P5|C2-P6,"legacy single-charger night; old scheme CH1=C1 six / CH2=C2 six; NNN 345, 347, 349, 351, 353, 355; file_nnn verified against raw ;130; lines + header SN"
S358,DX8-1,CH1,C1,parallel,358,368,C1-P1|C1-P2|C1-P3|C1-P4|C1-P5|C1-P6,"legacy single-charger night; old scheme CH1=C1 six / CH2=C2 six; NNN 358, 360, 362, 364, 366, 368; file_nnn verified against raw ;130; lines + header SN"
S358,DX8-1,CH2,C2,parallel,359,369,C2-P1|C2-P2|C2-P3|C2-P4|C2-P5|C2-P6,"legacy single-charger night; old scheme CH1=C1 six / CH2=C2 six; NNN 359, 361, 363, 365, 367, 369; file_nnn verified against raw ;130; lines + header SN"
S400,DX8-1,CH1,C1,parallel,400,410,C1-P1|C1-P2|C1-P3|C1-P4|C1-P5|C1-P6,"legacy single-charger night; old scheme CH1=C1 six / CH2=C2 six; NNN 400, 402, 404, 406, 408, 410; file_nnn verified against raw ;130; lines + header SN"
S400,DX8-1,CH2,C2,parallel,401,411,C2-P1|C2-P2|C2-P3|C2-P4|C2-P5|C2-P6,"legacy single-charger night; old scheme CH1=C1 six / CH2=C2 six; NNN 401, 403, 405, 407, 409, 411; file_nnn verified against raw ;130; lines + header SN"
2026-09-26,DX8-1,CH1,C1,parallel,,,C1-P1|C1-P2|C1-P3|C1-P4|C1-P5|C1-P6,"C1-only; files named ch1..ch6 = slot order (owner-locked), no NNN in name or body - left blank; all $1 lines"
2026-09-26-eve,DX8-1,CH1,C1,parallel,,,C1-P1|C1-P2|C1-P3|C1-P4|C1-P5|C1-P6,"files named slot1..slot6 = slot order (owner-locked), no NNN in name or body - left blank; all $1 lines"
2026-09-26-eve,DX8-1,CH2,C2,parallel,,,C2-P1|C2-P2|C2-P3|C2-P4|C2-P5|C2-P6,"files named slot1..slot6 = slot order (owner-locked), no NNN in name or body - left blank; all $2 lines"
2026-09-27,DX8-1,CH1,C1,parallel,455,465,C1-P1|C1-P2|C1-P3|C1-P4|C1-P5|C1-P6,"NNN 455, 457, 459, 461, 463, 465 from v1 note file_nnn"
2026-09-27,DX8-1,CH2,C2,parallel,456,466,C2-P1|C2-P2|C2-P3|C2-P4|C2-P5|C2-P6,"NNN 456, 458, 460, 462, 464, 466 from v1 note file_nnn"
2026-09-30,DX8-1,CH2,C2,parallel,474,479,C2-P1|C2-P2|C2-P3|C2-P4|C2-P5|C2-P6,"C2-only; NNN 474, 475, 476, 477, 478, 479 from v1 note file_nnn; old scheme (pre-v2) C2 on DX8-1 CH2"
