date,pack_uid,label_at_time,status,reason,source
S413,CNHL-2026-001,C1-P1,EYE,Cell6 arrived 3.507 V (190 mV imbalance); IR did not explode; self-discharge watch,session=S413; SoT § Current watch list (as of S413)
S413,CNHL-2026-009,C2-P3,EYE,"avg IR 586 mΩ (+41 vs S386), pack-wide not one cell",session=S413; SoT § Current watch list (as of S413)
S413,CNHL-2026-004,C1-P4,WATCH,"Cell1 548 mΩ, spread 42; same shape as S386; keep reduced C1 current",session=S413; SoT § Current watch list (as of S413)
S413,CNHL-2026-011,C2-P5,OK,"replacement avg 537, spread 16, floor 3.683 V",session=S413; SoT § Current watch list (as of S413)
S413,CNHL-2026-012,C2-P6,OK,"still lowest-IR pack, avg 507",session=S413; SoT § Current watch list (as of S413)
S413,CNHL-2026-010,C2-P4,OK,"tightest spread, 12 mΩ",session=S413; SoT § Current watch list (as of S413)
2026-09-22,CNHL-2026-001,C1-P1,DO NOT PARALLEL / REPLACE path,"spread Caution (45); self-discharge Cell6 (floor 3.507 V, chronic); off C1 board","session=S413 (re-eval 2026-09-22); SoT § Threshold contract — reaffirmed 2026-09-22, table 3"
2026-09-22,CNHL-2026-004,C1-P4,"CAUTION (on board, reduced current)",spread Caution (42); chronic Cell1-high fingerprint; no current ≥50; first to pull if spread ≥50 again,"session=S413 (re-eval 2026-09-22); SoT § Threshold contract — reaffirmed 2026-09-22, table 3"
2026-09-22,CNHL-2026-002,C1-P2,OK,spread Go (22),"session=S413 (re-eval 2026-09-22); SoT § Threshold contract — reaffirmed 2026-09-22, table 3"
2026-09-22,CNHL-2026-003,C1-P3,OK,spread Go (31),"session=S413 (re-eval 2026-09-22); SoT § Threshold contract — reaffirmed 2026-09-22, table 3"
2026-09-22,CNHL-2026-005,C1-P5,OK,"spread Go (38), near Caution line","session=S413 (re-eval 2026-09-22); SoT § Threshold contract — reaffirmed 2026-09-22, table 3"
2026-09-22,CNHL-2026-006,C1-P6,WATCH floor,spread Go (17); floor EYE 3.577 V; OK for parallel if rest-Δ OK,"session=S413 (re-eval 2026-09-22); SoT § Threshold contract — reaffirmed 2026-09-22, table 3"
2026-09-22,CNHL-2026-008,C2-P2,WATCH HARD; OK now,spread Go (28); spread history (prior ≥50),"session=S413 (re-eval 2026-09-22); SoT § Threshold contract — reaffirmed 2026-09-22, table 3"
2026-09-22,CNHL-2026-009,C2-P3,WATCH; OK now,spread Go (26); pack-wide IR re-climb,"session=S413 (re-eval 2026-09-22); SoT § Threshold contract — reaffirmed 2026-09-22, table 3"
2026-09-22,CNHL-2026-007,C2-P1,OK,spread Go,"session=S413 (re-eval 2026-09-22); SoT § Threshold contract — reaffirmed 2026-09-22, table 3"
2026-09-22,CNHL-2026-010,C2-P4,OK,spread Go,"session=S413 (re-eval 2026-09-22); SoT § Threshold contract — reaffirmed 2026-09-22, table 3"
2026-09-22,CNHL-2026-011,C2-P5,OK,spread Go,"session=S413 (re-eval 2026-09-22); SoT § Threshold contract — reaffirmed 2026-09-22, table 3"
2026-09-22,CNHL-2026-012,C2-P6,OK,spread Go,"session=S413 (re-eval 2026-09-22); SoT § Threshold contract — reaffirmed 2026-09-22, table 3"
2026-09-26,CNHL-2026-001,C1-P1,PULL / OFF,"chronic Cell6 SD (floor 3509, imb 184); spread 29 Go — off is SD",session=2026-09-26; night report; ir_store v1 note; SoT night note 2026-09-26
2026-09-26,CNHL-2026-002,C1-P2,GO,spread 26,session=2026-09-26; night report; ir_store v1 note; SoT night note 2026-09-26
2026-09-26,CNHL-2026-003,C1-P3,GO,spread 32,session=2026-09-26; night report; ir_store v1 note; SoT night note 2026-09-26
2026-09-26,CNHL-2026-004,C1-P4,PULL / OFF this night,NEW Cell1 floor 3479 + imb 191 (≥150 SD) + spread 46 Caution + Cell1 IR 592; escalated from S413 Caution-on-board,session=2026-09-26; night report; ir_store v1 note; SoT night note 2026-09-26
2026-09-26,CNHL-2026-005,C1-P5,GO,spread 28,session=2026-09-26; night report; ir_store v1 note; SoT night note 2026-09-26
2026-09-26,CNHL-2026-006,C1-P6,CAUTION watch floor,floor 3594 (<3600 EYE); spread 24 Go; ON if rest-Δ OK,session=2026-09-26; night report; ir_store v1 note; SoT night note 2026-09-26
2026-09-26,CNHL-2026-001,C1-P1,PULL / OFF,"chronic Cell6 SD (floor 3543, imb 155); spread 33 Go — off is SD",session=2026-09-26-eve; night report; ir_store v1 note; SoT night note 2026-09-26-eve
2026-09-26,CNHL-2026-002,C1-P2,GO,spread 23,session=2026-09-26-eve; night report; ir_store v1 note; SoT night note 2026-09-26-eve
2026-09-26,CNHL-2026-003,C1-P3,GO,spread 37; imb 71 not SD,session=2026-09-26-eve; night report; ir_store v1 note; SoT night note 2026-09-26-eve
2026-09-26,CNHL-2026-004,C1-P4,CAUTION onboard,"morning SD cleared (floor 3479→3654, imb 191→50); spread 36 Go; Cell1 pack-max IR 550 → Caution + reduced C1 A",session=2026-09-26-eve; night report; ir_store v1 note; SoT night note 2026-09-26-eve
2026-09-26,CNHL-2026-005,C1-P5,GO,spread 22,session=2026-09-26-eve; night report; ir_store v1 note; SoT night note 2026-09-26-eve
2026-09-26,CNHL-2026-006,C1-P6,GO,floor 3658 (morning EYE 3594 cleared); spread 20,session=2026-09-26-eve; night report; ir_store v1 note; SoT night note 2026-09-26-eve
2026-09-26,CNHL-2026-007,C2-P1,GO,spread 23; lowest C2 rest V 21.820,session=2026-09-26-eve; night report; ir_store v1 note; SoT night note 2026-09-26-eve
2026-09-26,CNHL-2026-008,C2-P2,CAUTION floor EYE,floor 3596 (<3600); imb 101 not SD≥150; still ON; Cell3 pack-min FP PASS,session=2026-09-26-eve; night report; ir_store v1 note; SoT night note 2026-09-26-eve
2026-09-26,CNHL-2026-009,C2-P3,GO,spread 26,session=2026-09-26-eve; night report; ir_store v1 note; SoT night note 2026-09-26-eve
2026-09-26,CNHL-2026-010,C2-P4,GO,spread 16 (soft FP advisory vs P5; no remap),session=2026-09-26-eve; night report; ir_store v1 note; SoT night note 2026-09-26-eve
2026-09-26,CNHL-2026-011,C2-P5,GO,spread 14 (tightest C2 that night),session=2026-09-26-eve; night report; ir_store v1 note; SoT night note 2026-09-26-eve
2026-09-26,CNHL-2026-012,C2-P6,GO,spread 15; lowest C2 avg FP PASS; floor 3649 OK,session=2026-09-26-eve; night report; ir_store v1 note; SoT night note 2026-09-26-eve
2026-09-27,CNHL-2026-001,C1-P1,PULL / OFF,"chronic Cell6 SD (floor 3509, imb 191), worse vs eve 3543/155; spread 42 Caution — off is SD",session=2026-09-27; night report; ir_store v1 note; SoT night note 2026-09-27
2026-09-27,CNHL-2026-002,C1-P2,GO,spread 26,session=2026-09-27; night report; ir_store v1 note; SoT night note 2026-09-27
2026-09-27,CNHL-2026-003,C1-P3,CAUTION,spread 40 + floor 3578 EYE; imb 122 not SD; ON,session=2026-09-27; night report; ir_store v1 note; SoT night note 2026-09-27
2026-09-27,CNHL-2026-004,C1-P4,CAUTION onboard,spread 45 Caution; Cell1 pack-max IR 561; floor 3603 OK (not SD); reduced C1 A,session=2026-09-27; night report; ir_store v1 note; SoT night note 2026-09-27
2026-09-27,CNHL-2026-005,C1-P5,OFF tonight,floor 3539 EYE + low rest 21.523 V; spread 33 Go; imb 71 not SD; off for rest-Δ GO (with P5 Δ≈0.522 CAUTION); report per-pack table: CAUTION floor EYE + low rest,session=2026-09-27; night report; ir_store v1 note; SoT night note 2026-09-27
2026-09-27,CNHL-2026-006,C1-P6,GO,spread 16,session=2026-09-27; night report; ir_store v1 note; SoT night note 2026-09-27
2026-09-27,CNHL-2026-007,C2-P1,GO,spread 32,session=2026-09-27; night report; ir_store v1 note; SoT night note 2026-09-27
2026-09-27,CNHL-2026-008,C2-P2,CAUTION spr,spread 44 Caution; Cell3 pack-min FP PASS; floor 3684 OK (eve EYE 3596 cleared); ON,session=2026-09-27; night report; ir_store v1 note; SoT night note 2026-09-27
2026-09-27,CNHL-2026-009,C2-P3,GO,spread 18,session=2026-09-27; night report; ir_store v1 note; SoT night note 2026-09-27
2026-09-27,CNHL-2026-010,C2-P4,GO,spread 11 (tightest; soft FP PASS),session=2026-09-27; night report; ir_store v1 note; SoT night note 2026-09-27
2026-09-27,CNHL-2026-011,C2-P5,GO,spread 22; lowest C2 rest 21.914 V (drives full-six Δ 0.415 CAUTION),session=2026-09-27; night report; ir_store v1 note; SoT night note 2026-09-27
2026-09-27,CNHL-2026-012,C2-P6,GO,spread 25; lowest C2 avg FP PASS,session=2026-09-27; night report; ir_store v1 note; SoT night note 2026-09-27
2026-09-30,CNHL-2026-007,C2-P1,GO,spread 17 (tied-tightest),session=2026-09-30; night report; ir_store v1 note; SoT night note 2026-09-30
2026-09-30,CNHL-2026-008,C2-P2,CAUTION floor EYE,floor 3597 (<3600); spread 26 Go (was 44); Cell3 pack-min FP PASS; imb 103 not SD; ON,session=2026-09-30; night report; ir_store v1 note; SoT night note 2026-09-30
2026-09-30,CNHL-2026-009,C2-P3,GO,spread 26,session=2026-09-30; night report; ir_store v1 note; SoT night note 2026-09-30
2026-09-30,CNHL-2026-010,C2-P4,GO,spread 17 (tied; soft FP uniqueness advisory),session=2026-09-30; night report; ir_store v1 note; SoT night note 2026-09-30
2026-09-30,CNHL-2026-011,C2-P5,GO,spread 19,session=2026-09-30; night report; ir_store v1 note; SoT night note 2026-09-30
2026-09-30,CNHL-2026-012,C2-P6,GO,spread 18; lowest C2 avg FP PASS,session=2026-09-30; night report; ir_store v1 note; SoT night note 2026-09-30
2026-10-08,CNHL-2026-005,C1-P5,Watch,"from 2026-09-27: floor 3539 mV EYE, lowest rest 21.523 V, spread 33; charge_mode individual; Rule B N/A",session=registry-v2; owner decision 2026-10-08 (Registry v2 LOCKED); SoT § Registry v2
2026-10-08,CNHL-2026-001,D-1,D pool / no parallel,"self-discharge Cell 6 (chronic low floor; 2026-09-27 floor 3509 mV, imbalance 191 mV); moved C1-P1 → D-1; charge_mode individual",session=registry-v2; owner decision 2026-10-08 (Registry v2 LOCKED); SoT § Registry v2
