session,pack,c1,c2,c3,c4,c5,c6,avg,spread,start_floor_mV,note
S386,C1-P1,546,523,504,518,532,522,524.2,42,,
S386,C1-P2,561,547,534,546,548,531,544.5,30,,
S386,C1-P3,526,513,501,507,511,496,509.0,30,,
S386,C1-P4,545,522,502,514,518,509,518.3,43,,Cell1 high
S386,C1-P5,571,553,543,553,553,540,552.2,31,,
S386,C1-P6,555,553,546,552,555,541,550.3,14,,
S386,C2-P1,539,536,529,535,528,521,531.3,18,,
S386,C2-P2,486,499,461,478,485,498,484.5,38,,Cell3 low fingerprint
S386,C2-P3,548,551,533,543,545,551,545.2,18,,
S386,C2-P4,539,541,530,537,529,532,534.7,12,,
S386,C2-P5,553,555,546,549,539,535,546.2,20,,replacement pack
S386,C2-P6,492,492,485,499,495,493,492.7,14,,
S413,C1-P1,569,543,524,538,552,545,545.2,45,3507,Cell6 rest 3.507V
S413,C1-P2,541,530,519,524,531,520,527.5,22,3699,
S413,C1-P3,533,525,518,516,516,502,518.3,31,3622,
S413,C1-P4,548,524,507,512,522,506,519.8,42,3640,Cell1 still high
S413,C1-P5,549,533,525,530,537,511,530.8,38,3658,
S413,C1-P6,578,582,567,568,582,565,573.7,17,3577,arrived discharged
S413,C2-P1,556,552,539,560,557,535,549.8,25,3645,
S413,C2-P2,513,520,492,501,511,519,509.3,28,3655,Cell3 still lowest
S413,C2-P3,591,595,569,586,586,591,586.3,26,3614,pack-wide IR jump
S413,C2-P4,557,564,553,558,553,552,556.2,12,3645,
S413,C2-P5,547,544,533,537,532,531,537.3,16,3683,replacement still clean
S413,C2-P6,505,514,494,517,507,505,507.0,23,3679,
S287,C1-P1,560,544,526,535,558,543,544.3,34,3563,floor 3563mV
S287,C1-P2,570,560,541,559,551,541,553.7,29,3668,
S287,C1-P3,537,522,500,512,517,500,514.7,37,3642,
S287,C1-P4,563,543,526,533,539,527,538.5,37,3604,Cell1 high
S287,C1-P5,564,546,534,547,546,536,545.5,30,3637,
S287,C1-P6,557,550,541,545,555,542,548.3,16,3670,
S287,C2-P1,597,594,585,596,590,568,588.3,29,3582,floor 3582mV
S287,C2-P2,546,558,525,536,549,552,544.3,33,3557,Cell3 low fingerprint; floor 3557mV
S287,C2-P3,581,579,560,572,573,578,573.8,21,3672,
S287,C2-P4,576,578,571,575,567,570,572.8,11,3604,
S287,C2-P5,571,572,558,569,552,561,563.8,20,3647,
S287,C2-P6,535,533,524,529,538,541,533.3,17,3682,
S372,C1-P1,549,522,507,517,539,529,527.2,42,3569,floor 3569mV
S372,C1-P2,586,578,564,572,573,562,572.5,24,3651,
S372,C1-P3,525,517,498,512,506,495,508.8,30,3624,
S372,C1-P4,581,550,537,547,548,541,550.7,44,3549,Cell1 high; floor 3549mV
S372,C1-P5,534,521,509,524,520,499,517.8,35,3681,
S372,C1-P6,560,559,548,552,564,540,553.8,24,3633,
S372,C2-P1,549,542,542,545,542,520,540.0,29,3685,
S372,C2-P2,524,536,496,511,522,535,520.7,40,3621,Cell3 low fingerprint
S372,C2-P3,568,564,551,566,563,571,563.8,20,3680,
S372,C2-P4,579,585,576,584,572,577,578.8,13,3601,
S372,C2-P5,572,573,561,575,553,556,565.0,22,3626,
S372,C2-P6,514,523,511,517,525,523,518.8,14,3681,
S263,C1-P1,588,573,555,562,584,573,572.5,33,3474,"floor 3474mV; softFP fail:C2-P6-lowest-C2,C2-P4-tightest-spread"
S263,C1-P2,626,612,601,613,606,592,608.3,34,3604,
S263,C1-P3,567,555,533,542,545,541,547.2,34,3607,
S263,C1-P4,532,502,477,493,493,487,497.3,55,3693,Cell1 high; spread 55 PULL
S263,C1-P5,565,544,541,549,546,531,546.0,34,3648,
S263,C1-P6,518,514,505,504,523,504,511.3,19,3702,
S263,C2-P1,594,579,590,590,589,556,583.0,38,3606,
S263,C2-P2,550,569,538,543,558,564,553.7,31,3547,Cell3 low fingerprint; floor 3547mV
S263,C2-P3,579,580,570,579,575,585,578.0,15,3667,
S263,C2-P4,578,585,580,585,564,575,577.8,21,3633,
S263,C2-P5,580,584,580,582,562,571,576.5,22,3612,
S263,C2-P6,555,549,544,554,559,567,554.7,23,3613,
S308,C1-P1,484,465,450,462,473,473,467.8,34,3698,"softFP fail:C2-P6-lowest-C2,C2-P4-tightest-spread"
S308,C1-P2,594,586,575,583,577,576,581.8,19,3651,
S308,C1-P3,594,584,560,574,574,563,574.8,34,3478,floor 3478mV
S308,C1-P4,566,548,532,542,541,530,543.2,36,3628,Cell1 high
S308,C1-P5,583,570,562,570,568,557,568.3,26,3592,floor 3592mV
S308,C1-P6,609,613,606,613,613,600,609.0,13,3533,floor 3533mV
S308,C2-P1,599,592,586,595,586,572,588.3,27,3589,floor 3589mV
S308,C2-P2,537,540,517,525,532,546,532.8,29,3606,Cell3 low fingerprint
S308,C2-P3,562,554,550,559,557,555,556.2,12,3690,
S308,C2-P4,593,596,584,594,583,583,588.8,13,3604,
S308,C2-P5,522,516,503,513,503,501,509.7,21,3698,
S308,C2-P6,592,594,583,594,601,592,592.7,18,3499,floor 3499mV
S329,C1-P1,555,540,520,526,552,538,538.5,35,3576,floor 3576mV; softFP fail:C2-P6-lowest-C2
S329,C1-P2,556,534,519,530,535,522,532.7,37,3698,
S329,C1-P3,591,577,566,571,573,564,573.7,27,3474,floor 3474mV
S329,C1-P4,400,371,356,366,368,360,370.2,44,3740,Cell1 high
S329,C1-P5,500,488,481,489,488,474,486.7,26,3702,
S329,C1-P6,578,572,566,569,580,559,570.7,21,3631,
S329,C2-P1,503,494,489,499,496,478,493.2,25,3702,
S329,C2-P2,451,475,425,442,449,468,451.7,50,3703,Cell3 low fingerprint; spread 50 PULL
S329,C2-P3,588,586,566,581,581,585,581.2,22,3640,
S329,C2-P4,481,488,480,486,474,472,480.2,16,3703,
S329,C2-P5,510,511,494,507,490,498,501.7,21,3701,
S329,C2-P6,506,510,490,516,511,506,506.5,26,3699,
S344,C1-P1,542,525,511,516,535,529,526.3,31,3591,"floor 3591mV; softFP fail:C2-P6-lowest-C2,C2-P4-tightest-spread"
S344,C1-P2,588,578,565,575,567,565,573.0,23,3650,
S344,C1-P3,509,505,485,504,493,484,496.7,25,3673,
S344,C1-P4,513,487,466,478,485,469,483.0,47,3699,Cell1 high
S344,C1-P5,538,519,513,523,523,509,520.8,29,3686,
S344,C1-P6,559,555,544,549,556,541,550.7,18,3638,
S344,C2-P1,523,525,519,528,519,498,518.7,30,3701,
S344,C2-P2,530,548,507,523,534,538,530.0,41,3606,Cell3 low fingerprint
S344,C2-P3,569,574,554,561,568,572,566.3,20,3669,
S344,C2-P4,566,573,558,563,557,564,563.5,16,3628,
S344,C2-P5,507,508,498,509,493,493,501.3,16,3700,
S344,C2-P6,538,536,526,533,536,541,535.0,15,3657,
S358,C1-P1,540,524,504,518,531,526,523.8,36,3605,softFP fail:C2-P4-tightest-spread
S358,C1-P2,574,566,551,562,563,550,561.0,24,3666,
S358,C1-P3,547,538,520,531,525,519,530.0,28,3596,floor 3596mV
S358,C1-P4,553,521,502,517,516,499,518.0,54,3630,Cell1 high; spread 54 PULL
S358,C1-P5,544,540,524,535,534,524,533.5,20,3665,
S358,C1-P6,583,580,568,573,583,563,575.0,20,3585,floor 3585mV
S358,C2-P1,516,512,508,514,498,492,506.7,24,3700,
S358,C2-P2,528,528,503,514,515,518,517.7,25,3651,Cell3 low fingerprint
S358,C2-P3,562,568,557,569,568,560,564.0,12,3671,
S358,C2-P4,557,559,545,555,546,549,551.8,14,3665,
S358,C2-P5,572,572,560,567,554,554,563.2,18,3636,
S358,C2-P6,508,511,492,518,504,506,506.5,26,3696,
S400,C1-P1,564,541,528,538,556,549,546.0,36,3508,floor 3508mV; softFP fail:C2-P4-tightest-spread
S400,C1-P2,574,565,548,562,558,550,559.5,26,3667,
S400,C1-P3,531,521,496,511,513,501,512.2,35,3613,
S400,C1-P4,566,534,517,529,535,524,534.2,49,3599,Cell1 high; floor 3599mV
S400,C1-P5,555,539,531,543,543,520,538.5,35,3646,
S400,C1-P6,562,559,553,557,564,545,556.7,19,3620,
S400,C2-P1,573,565,552,569,557,550,561.0,23,3629,
S400,C2-P2,545,559,511,528,539,556,539.7,48,3545,Cell3 low fingerprint; floor 3545mV
S400,C2-P3,584,583,558,576,582,588,578.5,30,3625,
S400,C2-P4,538,542,522,543,527,528,533.3,21,3679,
S400,C2-P5,552,553,535,548,533,540,543.5,20,3663,
S400,C2-P6,520,527,510,525,528,523,522.2,18,3651,
2026-09-26,C1-P1,562,548,533,533,559,547,547.0,29,3509,"SN2603022837; C1-only; SD Cell6 floor 3509 imb184; vsS413 floor+2 spread45→29; file C1-ch1-0554773ec89b"
2026-09-26,C1-P2,582,570,556,563,570,562,567.2,26,3648,"SN2603022837; C1-only; GO spread26; vsS413 avg+39.7; file C1-ch2-785a4eb9792f"
2026-09-26,C1-P3,521,519,500,514,504,489,507.8,32,3622,"SN2603022837; C1-only; GO spread32; vsS413 avg-10.5 floor same 3622; file C1-ch3-cbf4ec1bc29a"
2026-09-26,C1-P4,592,556,547,558,561,546,560.0,46,3479,"SN2603022837; C1-only; NEW SD Cell1 floor3479 imb191 + spread46 Caution + Cell1 IR592 pack-max; escalate OFF vs S413 Caution-onboard (floor3640); file C1-ch4-eba7a92ad632"
2026-09-26,C1-P5,553,536,531,541,539,525,537.5,28,3648,"SN2603022837; C1-only; GO spread28; vsS413 spread38→28; file C1-ch5-cf455800a43c"
2026-09-26,C1-P6,575,583,576,571,584,560,574.8,24,3594,"SN2603022837; C1-only; CAUTION watch floor3594 (<3600 EYE) spread24 Go; vsS413 floor3577→3594; file C1-ch6-d38acf4201b6"
2026-09-26-eve,C1-P1,561,546,528,536,557,545,545.5,33,3543,"SN2603022837; eve full night; OFF SD Cell6 floor3543 imb155; vs morning floor3509→3543 imb184→155 still OFF; file CH1-slot1-16146371668d"
2026-09-26-eve,C1-P2,581,571,558,561,566,562,566.5,23,3647,"SN2603022837; eve full night; GO spread23; vs morning spr26→23 avg567.2→566.5; file CH1-slot2-8b7ed83fd1ce"
2026-09-26-eve,C1-P3,522,514,491,512,500,485,504.0,37,3632,"SN2603022837; eve full night; GO spread37 imb71 not SD; vs morning spr32→37 avg507.8→504.0; file CH1-slot3-b19b24c36e81"
2026-09-26-eve,C1-P4,550,530,514,526,521,518,526.5,36,3654,"SN2603022837; eve full night; SD CLEARED floor3654 imb50 (was morning OFF floor3479 imb191); spread36 Go; Cell1 still pack-max IR550 → CAUTION onboard reduced C1 A; file CH1-slot4-2c3c93f740bc"
2026-09-26-eve,C1-P5,546,534,525,538,532,524,533.2,22,3663,"SN2603022837; eve full night; GO spread22; vs morning spr28→22; file CH1-slot5-d2719e731d29"
2026-09-26-eve,C1-P6,554,551,535,547,553,534,545.7,20,3658,"SN2603022837; eve full night; GO spread20 floor3658 improved vs morning 3594 EYE; file CH1-slot6-c74bf3a70ffa"
2026-09-26-eve,C2-P1,574,572,568,566,566,551,566.2,23,3612,"SN2603022837; eve full night; GO spread23; lowest C2 rest V 21.820; file CH2-slot1-0074bf933b46"
2026-09-26-eve,C2-P2,536,545,517,525,539,539,533.5,28,3596,"SN2603022837; eve full night; GO spread28; Cell3 pack-min IR517 FP PASS; floor3596 EYE imb101 (not SD≥150) CAUTION watch floor ON; file CH2-slot2-8c0270933573"
2026-09-26-eve,C2-P3,579,579,553,568,573,578,571.7,26,3643,"SN2603022837; eve full night; GO spread26; vsS413 avg586.3→571.7; file CH2-slot3-14fd11404b34"
2026-09-26-eve,C2-P4,560,566,550,564,550,553,557.2,16,3646,"SN2603022837; eve full night; GO spread16; soft FP advisory FAIL (P5 spr14 tighter) — do NOT remap; file CH2-slot4-9a99936086ab"
2026-09-26-eve,C2-P5,550,547,537,541,536,537,541.3,14,3663,"SN2603022837; eve full night; GO spread14 (tightest C2 tonight); file CH2-slot5-6f1bb527f7ca"
2026-09-26-eve,C2-P6,525,521,515,529,530,525,524.2,15,3649,"SN2603022837; eve full night; GO spread15; lowest C2 pack avg524.2 FP PASS; floor3649 OK; file CH2-slot6-04662ac86f27"
2026-09-27,C1-P1,569,549,527,542,562,551,550.0,42,3509,SN2603022837; C1+C2 night; file_nnn=455; OFF SD Cell6 floor3509 imb191; vs eve floor3543→3509 imb155→191 still OFF; spr42 Caution band — off is SD
2026-09-27,C1-P2,580,569,554,568,560,554,564.2,26,3634,SN2603022837; C1+C2 night; file_nnn=457; GO spread26; vs eve spr23→26 avg566.5→564.2
2026-09-27,C1-P3,528,523,502,518,514,488,512.2,40,3578,SN2603022837; C1+C2 night; file_nnn=459; CAUTION spread40 + floor3578 EYE (<3600); imb122 not SD≥150; vs eve spr37→40 floor3632→3578
2026-09-27,C1-P4,561,540,516,529,536,521,533.8,45,3603,SN2603022837; C1+C2 night; file_nnn=461; CAUTION onboard Cell1 pack-max IR561 spr45; floor3603 imb98 (not SD); vs eve floor3654→3603 spr36→45 Cell1 550→561; reduced C1 A
2026-09-27,C1-P5,587,570,563,573,570,554,569.5,33,3539,SN2603022837; C1+C2 night; file_nnn=463; GO spr33 but floor3539 EYE + low rest 21.523V; imb71 not SD; vs eve floor3663→3539
2026-09-27,C1-P6,558,554,547,544,560,547,551.7,16,3644,SN2603022837; C1+C2 night; file_nnn=465; GO spread16 floor3644; vs eve spr20→16
2026-09-27,C2-P1,531,523,521,531,522,499,521.2,32,3694,SN2603022837; C1+C2 night; file_nnn=456; GO spread32; vs eve spr23→32 avg566.2→521.2
2026-09-27,C2-P2,487,493,451,472,478,495,479.3,44,3684,SN2603022837; C1+C2 night; file_nnn=458; CAUTION spread44; Cell3 pack-min IR451 FP PASS; floor3684 OK (eve EYE 3596 cleared); vs eve spr28→44 avg533.5→479.3
2026-09-27,C2-P3,534,535,517,529,524,532,528.5,18,3701,SN2603022837; C1+C2 night; file_nnn=460; GO spread18; vs eve spr26→18 avg571.7→528.5
2026-09-27,C2-P4,530,535,526,531,524,524,528.3,11,3691,SN2603022837; C1+C2 night; file_nnn=462; GO spread11 tightest C2 FP PASS; vs eve spr16→11
2026-09-27,C2-P5,569,567,557,563,547,550,558.8,22,3631,SN2603022837; C1+C2 night; file_nnn=464; GO spread22; lowest C2 rest 21.914V; vs eve spr14→22
2026-09-27,C2-P6,433,436,422,447,439,432,434.8,25,3712,SN2603022837; C1+C2 night; file_nnn=466; GO spread25; lowest C2 pack avg434.8 FP PASS; vs eve avg524.2→434.8
2026-09-30,C2-P1,494,503,492,509,501,493,498.7,17,3698,SN2603022837; C2-only night; file_nnn=474; GO spread17; vs 2026-09-27 spr32→17 avg521.2→498.7
2026-09-30,C2-P2,528,537,514,518,532,540,528.2,26,3597,SN2603022837; C2-only night; file_nnn=475; CAUTION floor3597 EYE; Cell3 pack-min IR514 FP PASS; spr26 Go (was44); vs 2026-09-27 fl3684→3597 spr44→26 avg479.3→528.2
2026-09-30,C2-P3,568,570,545,564,563,571,563.5,26,3661,SN2603022837; C2-only night; file_nnn=476; GO spread26; vs 2026-09-27 spr18→26 avg528.5→563.5
2026-09-30,C2-P4,538,548,531,542,532,544,539.2,17,3686,SN2603022837; C2-only night; file_nnn=477; GO spread17 tied-tightest w/P1 (soft FP advisory uniqueness FAIL; no remap); vs 2026-09-27 spr11→17
2026-09-30,C2-P5,545,544,526,545,526,530,536.0,19,3681,SN2603022837; C2-only night; file_nnn=478; GO spread19; vs 2026-09-27 spr22→19 avg558.8→536.0
2026-09-30,C2-P6,493,497,483,501,497,501,495.3,18,3694,SN2603022837; C2-only night; file_nnn=479; GO spread18; lowest C2 pack avg495.3 FP PASS; vs 2026-09-27 avg434.8→495.3
