filename,pack,session
C1-ch1-0554773ec89b216dfd3cb4eec8c300d451e1ad1b6814d206f1bda26e8e09fa6f.txt,C1-P1,2026-09-26
C1-ch2-785a4eb9792f4ed515a8673188a4b366e49712b0b23a00605d64463a18a032ff.txt,C1-P2,2026-09-26
C1-ch3-cbf4ec1bc29aad8f6e87923c6e196c0f2aec3d2f6eb54f82983bc51cccbe6311.txt,C1-P3,2026-09-26
C1-ch4-eba7a92ad6329f7c657f1f7aae62529937ce4ae0deeb764ca94d4b92f47ea649.txt,C1-P4,2026-09-26
C1-ch5-cf455800a43c8b8ddbb2627a7ecfb0cafce48d539e3fa7339a823398201f1605.txt,C1-P5,2026-09-26
C1-ch6-d38acf4201b650bae0f7d7921f890eb3cabeb01dd0cc3b9ac6f9044436a1885a.txt,C1-P6,2026-09-26
CH1-slot1-16146371668d10c8623e6a210afde6ddf11c81c75f2e9eb01d8fc0f87deb49c2.txt,C1-P1,2026-09-26-eve
CH1-slot2-8b7ed83fd1cea5b1ed4cc3c6e5bd7c05af3062bb8933fd19523e10e3ec41d894.txt,C1-P2,2026-09-26-eve
CH1-slot3-b19b24c36e8157d644b25e4c1c7ad684bb1c2aa4eefea4227b4ddc18d8ca6ad9.txt,C1-P3,2026-09-26-eve
CH1-slot4-2c3c93f740bc746e779d658b693b52dbfde526018c6d2a83741b6d126cdec55c.txt,C1-P4,2026-09-26-eve
CH1-slot5-d2719e731d296178c9ba588a764b20abcc4b4a407d837c84dd340eb41b67af62.txt,C1-P5,2026-09-26-eve
CH1-slot6-c74bf3a70ffa78d3ca7261a6d87a51e5f11f254b79329e505040e94d43a4b68f.txt,C1-P6,2026-09-26-eve
CH2-slot1-0074bf933b4646687485a2e0608529576df9cf251b41c4f02d9047d233c44b51.txt,C2-P1,2026-09-26-eve
CH2-slot2-8c0270933573f18d27a34b454217b3395008ae06915e097cd2f3950eee3db2e3.txt,C2-P2,2026-09-26-eve
CH2-slot3-14fd11404b3473a610b535ee2befd45c2233fc0578d8d28d49b673961674e026.txt,C2-P3,2026-09-26-eve
CH2-slot4-9a99936086abe5140ed0fe1865aea348215df54e9884170c7539764268de71af.txt,C2-P4,2026-09-26-eve
CH2-slot5-6f1bb527f7ca0c972b0b843aa231189ad51adc3489230e2e8e630a181f02d1dd.txt,C2-P5,2026-09-26-eve
CH2-slot6-04662ac86f2743e138dda1e1e87c9075a9b2d2cd5fec262e3d9222cc6aac27bc.txt,C2-P6,2026-09-26-eve
C1-P1_79e7723cb8b959012e4865446a4635064c3465c3370db2f43d798506b5312c66.txt,C1-P1,S413
C1-P2_9a6ae9c72ebdf572a09c020f5aca56b6348419a7681b58919ecd8bcbb6a0de99.txt,C1-P2,S413
C1-P3_df257d2e22b7d6a8ee82ed2529f26cd493db06d973d531aef5f78fed17de92a4.txt,C1-P3,S413
C1-P4_35c8e059808acf7a248e0bd92b3d5840cbbc374d652ad9e5fa07fdf8d76df173.txt,C1-P4,S413
C1-P5_c99e0a80e5096f2c1d87cea655482517660928f80213feda0f191d72f9c730bc.txt,C1-P5,S413
C1-P6_7bf3c6c83684aab3e2c523f800061c665f53c4c3e14e2ff440506d230919ebe0.txt,C1-P6,S413
C2-P1_aa3a629c7c0e3f2d1cd5045d08f70ec8df88d3f31760d8db0b7c6fd8441b6cf0.txt,C2-P1,S413
C2-P2_5ec1d37fdcbe820419c85f4d6145f07eea776025b24b8ebdb6fde388f3c25f90.txt,C2-P2,S413
C2-P3_dedaafb91ec807150507a7e868feec7418ee1ea42dab1c7c1a2a018e41261553.txt,C2-P3,S413
C2-P4_a683ca20e69cf6bbe1d6eddb84400b9faa1b3b3033fdbba702d9f0d66748b1fb.txt,C2-P4,S413
C2-P5_dd7467053d2e09af9d3ba6fbc29083ea095d7d14643058f52827c88935fca7b7.txt,C2-P5,S413
C2-P6_8b5d063d7d4a61f7e7610d736495f686779ad66cb25749998e7b045a488f5d4f.txt,C2-P6,S413
