session,pack,c1,c2,c3,c4,c5,c6,avg,spread,start_floor_mV,start_imbalance_mV,rest_V,end_avg_mV,duration_s,charger,channel,file_nnn,source_sha256,note
S386,C1-P1,546,523,504,518,532,522,524.2,42,3608,99,22.083,3862,1781,DX8-A,CH1,386,4afa22ae7cacc166,start_floor backfilled from raw first line (not in Lary store)
S386,C1-P2,561,547,534,546,548,531,544.5,30,3694,11,22.181,3862,1687,DX8-A,CH1,388,7ab2ada76205a540,start_floor backfilled from raw first line (not in Lary store)
S386,C1-P3,526,513,501,507,511,496,509.0,30,3634,70,22.054,3861,1652,DX8-A,CH1,390,ee543bb33781bf44,start_floor backfilled from raw first line (not in Lary store)
S386,C1-P4,545,522,502,514,518,509,518.3,43,3657,49,22.146,3862,1710,DX8-A,CH1,392,a8b64992bfd8356b,Cell1 high; start_floor backfilled from raw first line (not in Lary store)
S386,C1-P5,571,553,543,553,553,540,552.2,31,3598,47,21.767,3862,1782,DX8-A,CH1,394,90b0111b95e31a50,start_floor backfilled from raw first line (not in Lary store)
S386,C1-P6,555,553,546,552,555,541,550.3,14,3660,35,22.105,3862,1784,DX8-A,CH1,396,5c0f398b60b55985,start_floor backfilled from raw first line (not in Lary store)
S386,C2-P1,539,536,529,535,528,521,531.3,18,3695,9,22.205,3861,1640,DX8-A,CH2,387,7250d7bb39cc8278,start_floor backfilled from raw first line (not in Lary store)
S386,C2-P2,486,499,461,478,485,498,484.5,38,3695,11,22.210,3861,1615,DX8-A,CH2,389,3628295bd0ede6bf,Cell3 low fingerprint; start_floor backfilled from raw first line (not in Lary store)
S386,C2-P3,548,551,533,543,545,551,545.2,18,3697,5,22.201,3860,1699,DX8-A,CH2,391,d6fec15e12a952fb,start_floor backfilled from raw first line (not in Lary store)
S386,C2-P4,539,541,530,537,529,532,534.7,12,3686,14,22.160,3861,1652,DX8-A,CH2,393,5db12427f288bb29,start_floor backfilled from raw first line (not in Lary store)
S386,C2-P5,553,555,546,549,539,535,546.2,20,3678,25,22.140,3860,1670,DX8-A,CH2,395,e1b5ca70d3fab68b,replacement pack; start_floor backfilled from raw first line (not in Lary store)
S386,C2-P6,492,492,485,499,495,493,492.7,14,3701,5,22.218,3861,1509,DX8-A,CH2,397,adc7966c3b577ffe,start_floor backfilled from raw first line (not in Lary store)
S413,C1-P1,569,543,524,538,552,545,545.2,45,3507,190,21.795,3860,1898,DX8-A,CH1,,79e7723cb8b95901,Cell6 rest 3.507V
S413,C1-P2,541,530,519,524,531,520,527.5,22,3699,7,22.218,3861,1635,DX8-A,CH1,,9a6ae9c72ebdf572,
S413,C1-P3,533,525,518,516,516,502,518.3,31,3622,81,21.969,3861,1702,DX8-A,CH1,,df257d2e22b7d6a8,
S413,C1-P4,548,524,507,512,522,506,519.8,42,3640,65,22.125,3862,1708,DX8-A,CH1,,35c8e059808acf7a,Cell1 still high
S413,C1-P5,549,533,525,530,537,511,530.8,38,3658,33,22.077,3861,1717,DX8-A,CH1,,c99e0a80e5096f2c,
S413,C1-P6,578,582,567,568,582,565,573.7,17,3577,64,21.692,3862,1868,DX8-A,CH1,,7bf3c6c83684aab3,arrived discharged
S413,C2-P1,556,552,539,560,557,535,549.8,25,3645,48,22.018,3860,1712,DX8-A,CH2,,aa3a629c7c0e3f2d,
S413,C2-P2,513,520,492,501,511,519,509.3,28,3655,48,22.157,3860,1671,DX8-A,CH2,,5ec1d37fdcbe8204,Cell3 still lowest
S413,C2-P3,591,595,569,586,586,591,586.3,26,3614,51,21.803,3861,1776,DX8-A,CH2,,dedaafb91ec80715,pack-wide IR jump
S413,C2-P4,557,564,553,558,553,552,556.2,12,3645,48,22.013,3860,1718,DX8-A,CH2,,a683ca20e69cf6bb,
S413,C2-P5,547,544,533,537,532,531,537.3,16,3683,19,22.158,3861,1664,DX8-A,CH2,,dd7467053d2e09af,replacement still clean
S413,C2-P6,505,514,494,517,507,505,507.0,23,3679,26,22.188,3861,1562,DX8-A,CH2,,8b5d063d7d4a61f7,
S287,C1-P1,560,544,526,535,558,543,544.3,34,3563,134,21.954,3861,1831,DX8-A,CH1,287,f5933f293d991dcb,floor 3563mV
S287,C1-P2,570,560,541,559,551,541,553.7,29,3668,24,22.094,3862,1718,DX8-A,CH1,289,27fab2e23930d248,
S287,C1-P3,537,522,500,512,517,500,514.7,37,3642,61,22.044,3861,1656,DX8-A,CH1,291,8d4df91cac03a239,
S287,C1-P4,563,543,526,533,539,527,538.5,37,3604,98,22.021,3862,1745,DX8-A,CH1,293,ddf5e9b39150306e,Cell1 high
S287,C1-P5,564,546,534,547,546,536,545.5,30,3637,39,21.975,3861,1728,DX8-A,CH1,295,66e8a3a0524370cf,
S287,C1-P6,557,550,541,545,555,542,548.3,16,3670,32,22.147,3862,1759,DX8-A,CH1,297,16e08ea9e7fefba3,
S287,C2-P1,597,594,585,596,590,568,588.3,29,3582,65,21.699,3861,1820,DX8-A,CH2,288,2a6208b97aab6c9b,floor 3582mV
S287,C2-P2,546,558,525,536,549,552,544.3,33,3557,134,21.924,3861,1803,DX8-A,CH2,290,f46484a6730152bd,Cell3 low fingerprint; floor 3557mV
S287,C2-P3,581,579,560,572,573,578,573.8,21,3672,24,22.078,3861,1729,DX8-A,CH2,292,63af82af13b9ab32,
S287,C2-P4,576,578,571,575,567,570,572.8,11,3604,62,21.772,3861,1735,DX8-A,CH2,294,21153d40cd8b91d3,
S287,C2-P5,571,572,558,569,552,561,563.8,20,3647,44,21.978,3861,1722,DX8-A,CH2,296,83cbcf8a3596aca1,
S287,C2-P6,535,533,524,529,538,541,533.3,17,3682,18,22.163,3861,1599,DX8-A,CH2,298,9efc9fac378acde7,
S372,C1-P1,549,522,507,517,539,529,527.2,42,3569,134,21.989,3862,1807,DX8-A,CH1,372,0a20eefc0977a039,floor 3569mV
S372,C1-P2,586,578,564,572,573,562,572.5,24,3651,28,22.002,3862,1772,DX8-A,CH1,374,ccf3cb1fef2c9643,
S372,C1-P3,525,517,498,512,506,495,508.8,30,3624,79,22.038,3861,1649,DX8-A,CH1,376,d46da47daba300a2,
S372,C1-P4,581,550,537,547,548,541,550.7,44,3549,142,21.867,3861,1802,DX8-A,CH1,378,71c648f59d77eb0a,Cell1 high; floor 3549mV
S372,C1-P5,534,521,509,524,520,499,517.8,35,3681,23,22.189,3861,1670,DX8-A,CH1,380,8c8a8c03509c801a,
S372,C1-P6,560,559,548,552,564,540,553.8,24,3633,53,22.002,3862,1831,DX8-A,CH1,382,0e2caba82e398a6f,
S372,C2-P1,549,542,542,545,542,520,540.0,29,3685,20,22.176,3861,1683,DX8-A,CH2,373,450d849ecde24ba5,
S372,C2-P2,524,536,496,511,522,535,520.7,40,3621,81,22.102,3862,1763,DX8-A,CH2,375,baab5053a2adaa3b,Cell3 low fingerprint
S372,C2-P3,568,564,551,566,563,571,563.8,20,3680,17,22.124,3861,1709,DX8-A,CH2,377,d1f3c3aceb2106ba,
S372,C2-P4,579,585,576,584,572,577,578.8,13,3601,69,21.787,3860,1786,DX8-A,CH2,379,e2f7981aa72fbd8a,
S372,C2-P5,572,573,561,575,553,556,565.0,22,3626,58,21.870,3860,1749,DX8-A,CH2,381,4eec07affac4afae,
S372,C2-P6,514,523,511,517,525,523,518.8,14,3681,21,22.180,3860,1573,DX8-A,CH2,383,7ed9e650b3c16558,
S263,C1-P1,588,573,555,562,584,573,572.5,33,3474,217,21.697,3861,2555,DX8-A,CH1,263,bd10fa2dd7623b95,"floor 3474mV; softFP fail:C2-P6-lowest-C2,C2-P4-tightest-spread"
S263,C1-P2,626,612,601,613,606,592,608.3,34,3604,25,21.700,3862,2520,DX8-A,CH1,265,d3106ca88840ce30,
S263,C1-P3,567,555,533,542,545,541,547.2,34,3607,78,21.813,3861,2315,DX8-A,CH1,267,3b07820a35edb3c7,
S263,C1-P4,532,502,477,493,493,487,497.3,55,3693,15,22.219,3861,2278,DX8-A,CH1,269,e94e077561a7d7e0,Cell1 high; spread 55 PULL
S263,C1-P5,565,544,541,549,546,531,546.0,34,3648,39,22.047,3861,2341,DX8-A,CH1,271,99ba9c862d32d66c,
S263,C1-P6,518,514,505,504,523,504,511.3,19,3702,6,22.235,3860,2185,DX8-A,CH1,273,cc65850261cfbeaf,
S263,C2-P1,594,579,590,590,589,556,583.0,38,3606,71,21.832,3860,2397,DX8-A,CH2,264,97253b2f040533b6,
S263,C2-P2,550,569,538,543,558,564,553.7,31,3547,144,21.895,3861,2410,DX8-A,CH2,266,e15f52dde26d440f,Cell3 low fingerprint; floor 3547mV
S263,C2-P3,579,580,570,579,575,585,578.0,15,3667,23,22.047,3860,2315,DX8-A,CH2,268,560440c5cce03ba0,
S263,C2-P4,578,585,580,585,564,575,577.8,21,3633,58,21.946,3860,2316,DX8-A,CH2,270,66840bb16c9f713d,
S263,C2-P5,580,584,580,582,562,571,576.5,22,3612,54,21.790,3860,2317,DX8-A,CH2,272,018a7442145599df,
S263,C2-P6,555,549,544,554,559,567,554.7,23,3613,45,21.855,3860,2256,DX8-A,CH2,274,39fc7686730f6a92,
S308,C1-P1,484,465,450,462,473,473,467.8,34,3698,20,22.249,3860,1559,DX8-A,CH1,308,451da7eeb7456b1d,"softFP fail:C2-P6-lowest-C2,C2-P4-tightest-spread"
S308,C1-P2,594,586,575,583,577,576,581.8,19,3651,26,21.993,3862,1802,DX8-A,CH1,310,004d0f06097528e4,
S308,C1-P3,594,584,560,574,574,563,574.8,34,3478,139,21.263,3862,1856,DX8-A,CH1,312,39f2473225fdd473,floor 3478mV
S308,C1-P4,566,548,532,542,541,530,543.2,36,3628,74,22.076,3861,1804,DX8-A,CH1,314,77f1df6dff80fd70,Cell1 high
S308,C1-P5,583,570,562,570,568,557,568.3,26,3592,48,21.724,3861,1815,DX8-A,CH1,316,17623d85ae5f3dec,floor 3592mV
S308,C1-P6,609,613,606,613,613,600,609.0,13,3533,62,21.392,3862,1935,DX8-A,CH1,318,e8cc5290a5aa4d2d,floor 3533mV
S308,C2-P1,599,592,586,595,586,572,588.3,27,3589,45,21.691,3860,1807,DX8-A,CH2,309,f5e9bb3de0bca467,floor 3589mV
S308,C2-P2,537,540,517,525,532,546,532.8,29,3606,92,22.066,3861,1766,DX8-A,CH2,311,8d7e68ba1aa7da94,Cell3 low fingerprint
S308,C2-P3,562,554,550,559,557,555,556.2,12,3690,9,22.174,3861,1687,DX8-A,CH2,313,3085a1b204f3cb0a,
S308,C2-P4,593,596,584,594,583,583,588.8,13,3604,56,21.732,3861,1798,DX8-A,CH2,315,9001e66122566520,
S308,C2-P5,522,516,503,513,503,501,509.7,21,3698,2,22.196,3861,1579,DX8-A,CH2,317,3ea11beb69b107c3,
S308,C2-P6,592,594,583,594,601,592,592.7,18,3499,96,21.410,3861,1816,DX8-A,CH2,319,594d6bf2114f9e2a,floor 3499mV
S329,C1-P1,555,540,520,526,552,538,538.5,35,3576,127,22.019,3860,2417,DX8-A,CH1,329,9d0516c05c6f8940,floor 3576mV; softFP fail:C2-P6-lowest-C2
S329,C1-P2,556,534,519,530,535,522,532.7,37,3698,7,22.213,3861,2296,DX8-A,CH1,331,0ab018c661c0f99b,
S329,C1-P3,591,577,566,571,573,564,573.7,27,3474,155,21.279,3861,2468,DX8-A,CH1,333,e9da8c5337e708c2,floor 3474mV
S329,C1-P4,400,371,356,366,368,360,370.2,44,3740,19,22.515,3860,1604,DX8-A,CH1,335,fbfede37d2299795,Cell1 high
S329,C1-P5,500,488,481,489,488,474,486.7,26,3702,6,22.235,3861,2057,DX8-A,CH1,337,a97e9ae051816247,
S329,C1-P6,578,572,566,569,580,559,570.7,21,3631,51,21.959,3861,2458,DX8-A,CH1,339,d78a8fa91b8be23c,
S329,C2-P1,503,494,489,499,496,478,493.2,25,3702,9,22.227,3861,2036,DX8-A,CH2,330,ad70f0551f3b5e89,
S329,C2-P2,451,475,425,442,449,468,451.7,50,3703,27,22.308,3861,2021,DX8-A,CH2,332,14beaa1ab0cf2a43,Cell3 low fingerprint; spread 50 PULL
S329,C2-P3,588,586,566,581,581,585,581.2,22,3640,36,21.918,3861,2422,DX8-A,CH2,334,231e5c3d81b65e89,
S329,C2-P4,481,488,480,486,474,472,480.2,16,3703,12,22.240,3861,1981,DX8-A,CH2,336,6d2f836b434da6fe,
S329,C2-P5,510,511,494,507,490,498,501.7,21,3701,3,22.214,3860,2073,DX8-A,CH2,338,e23064d82096b921,
S329,C2-P6,506,510,490,516,511,506,506.5,26,3699,7,22.206,3860,2062,DX8-A,CH2,340,ad2a36cf5af15e03,
S344,C1-P1,542,525,511,516,535,529,526.3,31,3591,113,22.052,3862,1780,DX8-A,CH1,344,cd0804933d5e6370,"floor 3591mV; softFP fail:C2-P6-lowest-C2,C2-P4-tightest-spread"
S344,C1-P2,588,578,565,575,567,565,573.0,23,3650,28,21.988,3861,1762,DX8-A,CH1,346,0d6c7b1086458fa3,
S344,C1-P3,509,505,485,504,493,484,496.7,25,3673,32,22.183,3861,1595,DX8-A,CH1,348,803e99f59034146e,
S344,C1-P4,513,487,466,478,485,469,483.0,47,3699,9,22.233,3861,1613,DX8-A,CH1,350,02f8595a327730da,Cell1 high
S344,C1-P5,538,519,513,523,523,509,520.8,29,3686,17,22.190,3862,1649,DX8-A,CH1,352,764347b974725a75,
S344,C1-P6,559,555,544,549,556,541,550.7,18,3638,50,22.012,3862,1794,DX8-A,CH1,354,e28135c69c48e381,
S344,C2-P1,523,525,519,528,519,498,518.7,30,3701,6,22.214,3860,1625,DX8-A,CH2,345,02db60073bb4469b,
S344,C2-P2,530,548,507,523,534,538,530.0,41,3606,94,22.059,3861,1753,DX8-A,CH2,347,832dca8d1b394dd7,Cell3 low fingerprint
S344,C2-P3,569,574,554,561,568,572,566.3,20,3669,26,22.077,3861,1723,DX8-A,CH2,349,66240c20a0aceabb,
S344,C2-P4,566,573,558,563,557,564,563.5,16,3628,58,21.908,3861,1739,DX8-A,CH2,351,64139af68dd13fa8,
S344,C2-P5,507,508,498,509,493,493,501.3,16,3700,4,22.210,3860,1555,DX8-A,CH2,353,070977cef9786a1b,
S344,C2-P6,538,536,526,533,536,541,535.0,15,3657,44,22.127,3861,1642,DX8-A,CH2,355,fddf4b93d929de46,
S358,C1-P1,540,524,504,518,531,526,523.8,36,3605,99,22.079,3862,1773,DX8-A,CH1,358,e58b5cbdcfaf0ed3,softFP fail:C2-P4-tightest-spread
S358,C1-P2,574,566,551,562,563,550,561.0,24,3666,23,22.048,3861,1726,DX8-A,CH1,360,374f00b5f58cff4e,
S358,C1-P3,547,538,520,531,525,519,530.0,28,3596,101,21.892,3860,1707,DX8-A,CH1,362,41de2210a19531ef,floor 3596mV
S358,C1-P4,553,521,502,517,516,499,518.0,54,3630,75,22.111,3862,1767,DX8-A,CH1,364,528c9bbf911ffa8e,Cell1 high; spread 54 PULL
S358,C1-P5,544,540,524,535,534,524,533.5,20,3665,31,22.117,3861,1680,DX8-A,CH1,366,10eb4aed36ccb2a1,
S358,C1-P6,583,580,568,573,583,563,575.0,20,3585,64,21.751,3862,1861,DX8-A,CH1,368,9b9a4426db9b1244,floor 3585mV
S358,C2-P1,516,512,508,514,498,492,506.7,24,3700,7,22.210,3862,1605,DX8-A,CH2,359,4fe06c39499c3149,
S358,C2-P2,528,528,503,514,515,518,517.7,25,3651,48,22.137,3860,1678,DX8-A,CH2,361,a1fa17dceb59c986,Cell3 low fingerprint
S358,C2-P3,562,568,557,569,568,560,564.0,12,3671,26,22.090,3860,1746,DX8-A,CH2,363,0d5e2008dfaff95b,
S358,C2-P4,557,559,545,555,546,549,551.8,14,3665,33,22.077,3861,1707,DX8-A,CH2,365,f58b30523ae6450a,
S358,C2-P5,572,572,560,567,554,554,563.2,18,3636,52,21.926,3860,1776,DX8-A,CH2,367,fb676e1f3b392bf1,
S358,C2-P6,508,511,492,518,504,506,506.5,26,3696,10,22.207,3861,1580,DX8-A,CH2,369,7913c6628f7f2f7b,
S400,C1-P1,564,541,528,538,556,549,546.0,36,3508,192,21.842,3862,1838,DX8-A,CH1,400,32ba87a85be69107,floor 3508mV; softFP fail:C2-P4-tightest-spread
S400,C1-P2,574,565,548,562,558,550,559.5,26,3667,27,22.083,3861,1735,DX8-A,CH1,402,9a001e62846806d2,
S400,C1-P3,531,521,496,511,513,501,512.2,35,3613,89,21.984,3861,1691,DX8-A,CH1,404,a36f026af16a90d1,
S400,C1-P4,566,534,517,529,535,524,534.2,49,3599,104,22.039,3862,1761,DX8-A,CH1,406,ca152a87a1b6aed3,Cell1 high; floor 3599mV
S400,C1-P5,555,539,531,543,543,520,538.5,35,3646,40,22.047,3861,1709,DX8-A,CH1,408,a416148ab9e24de4,
S400,C1-P6,562,559,553,557,564,545,556.7,19,3620,52,21.931,3861,1799,DX8-A,CH1,410,eaf785ea43a31c2f,
S400,C2-P1,573,565,552,569,557,550,561.0,23,3629,46,21.939,3861,1753,DX8-A,CH2,401,840235048e482070,
S400,C2-P2,545,559,511,528,539,556,539.7,48,3545,152,21.944,3861,1815,DX8-A,CH2,403,51da07d5071ea547,Cell3 low fingerprint; floor 3545mV
S400,C2-P3,584,583,558,576,582,588,578.5,30,3625,50,21.873,3860,1783,DX8-A,CH2,405,84f7878157e5fd5a,
S400,C2-P4,538,542,522,543,527,528,533.3,21,3679,20,22.137,3860,1652,DX8-A,CH2,407,2b3a17819dbb1b6f,
S400,C2-P5,552,553,535,548,533,540,543.5,20,3663,36,22.070,3861,1690,DX8-A,CH2,409,3732d9ab9bc60107,
S400,C2-P6,520,527,510,525,528,523,522.2,18,3651,51,22.129,3862,1611,DX8-A,CH2,411,c968468436372fd7,
2026-09-26,C1-P1,562,548,533,533,559,547,547.0,29,3509,184,21.755,3861,1854,DX8-A,CH1,,0554773ec89b216d,DX8-A; C1-only; SD Cell6 floor 3509 imb184; vsS413 floor+2 spread45→29; file C1-ch1-0554773ec89b
2026-09-26,C1-P2,582,570,556,563,570,562,567.2,26,3648,32,21.988,3862,1780,DX8-A,CH1,,785a4eb9792f4ed5,DX8-A; C1-only; GO spread26; vsS413 avg+39.7; file C1-ch2-785a4eb9792f
2026-09-26,C1-P3,521,519,500,514,504,489,507.8,32,3622,78,22.044,3862,1699,DX8-A,CH1,,cbf4ec1bc29aad8f,DX8-A; C1-only; GO spread32; vsS413 avg-10.5 floor same 3622; file C1-ch3-cbf4ec1bc29a
2026-09-26,C1-P4,592,556,547,558,561,546,560.0,46,3479,191,21.642,3861,1855,DX8-A,CH1,,eba7a92ad6329f7c,DX8-A; C1-only; NEW SD Cell1 floor3479 imb191 + spread46 Caution + Cell1 IR592 pack-max; escalate OFF vs S413 Caution-onboard (floor3640); file C1-ch4-eba7a92ad632
2026-09-26,C1-P5,553,536,531,541,539,525,537.5,28,3648,41,22.047,3861,1731,DX8-A,CH1,,cf455800a43c8b8d,DX8-A; C1-only; GO spread28; vsS413 spread38→28; file C1-ch5-cf455800a43c
2026-09-26,C1-P6,575,583,576,571,584,560,574.8,24,3594,67,21.815,3861,1862,DX8-A,CH1,,d38acf4201b650ba,DX8-A; C1-only; CAUTION watch floor3594 (<3600 EYE) spread24 Go; vsS413 floor3577→3594; file C1-ch6-d38acf4201b6
2026-09-26-eve,C1-P1,561,546,528,536,557,545,545.5,33,3543,155,21.882,3862,1809,DX8-A,CH1,,16146371668d10c8,DX8-A; eve full night; OFF SD Cell6 floor3543 imb155; vs morning floor3509→3543 imb184→155 still OFF; file CH1-slot1-16146371668d
2026-09-26-eve,C1-P2,581,571,558,561,566,562,566.5,23,3647,33,21.986,3862,1760,DX8-A,CH1,,8b7ed83fd1cea5b1,DX8-A; eve full night; GO spread23; vs morning spr26→23 avg567.2→566.5; file CH1-slot2-8b7ed83fd1ce
2026-09-26-eve,C1-P3,522,514,491,512,500,485,504.0,37,3632,71,22.090,3861,1661,DX8-A,CH1,,b19b24c36e8157d6,DX8-A; eve full night; GO spread37 imb71 not SD; vs morning spr32→37 avg507.8→504.0; file CH1-slot3-b19b24c36e81
2026-09-26-eve,C1-P4,550,530,514,526,521,518,526.5,36,3654,50,22.125,3861,1730,DX8-A,CH1,,2c3c93f740bc746e,DX8-A; eve full night; SD CLEARED floor3654 imb50 (was morning OFF floor3479 imb191); spread36 Go; Cell1 still pack-max IR550 → CAUTION onboard reduced C1 A; file CH1-slot4-2c3c93f740bc
2026-09-26-eve,C1-P5,546,534,525,538,532,524,533.2,22,3663,34,22.113,3862,1693,DX8-A,CH1,,d2719e731d296178,DX8-A; eve full night; GO spread22; vs morning spr28→22; file CH1-slot5-d2719e731d29
2026-09-26-eve,C1-P6,554,551,535,547,553,534,545.7,20,3658,40,22.115,3862,1804,DX8-A,CH1,,c74bf3a70ffa78d3,DX8-A; eve full night; GO spread20 floor3658 improved vs morning 3594 EYE; file CH1-slot6-c74bf3a70ffa
2026-09-26-eve,C2-P1,574,572,568,566,566,551,566.2,23,3612,40,21.820,3861,1754,DX8-A,CH2,,0074bf933b464668,DX8-A; eve full night; GO spread23; lowest C2 rest V 21.820; file CH2-slot1-0074bf933b46
2026-09-26-eve,C2-P2,536,545,517,525,539,539,533.5,28,3596,101,22.019,3861,1747,DX8-A,CH2,,8c0270933573f18d,DX8-A; eve full night; GO spread28; Cell3 pack-min IR517 FP PASS; floor3596 EYE imb101 (not SD≥150) CAUTION watch floor ON; file CH2-slot2-8c0270933573
2026-09-26-eve,C2-P3,579,579,553,568,573,578,571.7,26,3643,43,21.950,3861,1775,DX8-A,CH2,,14fd11404b3473a6,DX8-A; eve full night; GO spread26; vsS413 avg586.3→571.7; file CH2-slot3-14fd11404b34
2026-09-26-eve,C2-P4,560,566,550,564,550,553,557.2,16,3646,47,21.996,3861,1709,DX8-A,CH2,,9a99936086abe514,DX8-A; eve full night; GO spread16; soft FP advisory FAIL (P5 spr14 tighter) — do NOT remap; file CH2-slot4-9a99936086ab
2026-09-26-eve,C2-P5,550,547,537,541,536,537,541.3,14,3663,36,22.061,3861,1686,DX8-A,CH2,,6f1bb527f7ca0c97,DX8-A; eve full night; GO spread14 (tightest C2 tonight); file CH2-slot5-6f1bb527f7ca
2026-09-26-eve,C2-P6,525,521,515,529,530,525,524.2,15,3649,51,22.132,3861,1639,DX8-A,CH2,,04662ac86f2743e1,DX8-A; eve full night; GO spread15; lowest C2 pack avg524.2 FP PASS; floor3649 OK; file CH2-slot6-04662ac86f27
2026-09-27,C1-P1,569,549,527,542,562,551,550.0,42,3509,191,21.826,3861,1863,DX8-A,CH1,455,ae93fa7776ec841f,DX8-A; C1+C2 night; file_nnn=455; OFF SD Cell6 floor3509 imb191; vs eve floor3543→3509 imb155→191 still OFF; spr42 Caution band — off is SD
2026-09-27,C1-P2,580,569,554,568,560,554,564.2,26,3634,42,21.944,3862,1759,DX8-A,CH1,457,724d33c4ed5cdb21,DX8-A; C1+C2 night; file_nnn=457; GO spread26; vs eve spr23→26 avg566.5→564.2
2026-09-27,C1-P3,528,523,502,518,514,488,512.2,40,3578,122,21.915,3862,1674,DX8-A,CH1,459,b513278c375e19af,DX8-A; C1+C2 night; file_nnn=459; CAUTION spread40 + floor3578 EYE (<3600); imb122 not SD≥150; vs eve spr37→40 floor3632→3578
2026-09-27,C1-P4,561,540,516,529,536,521,533.8,45,3603,98,22.025,3861,1747,DX8-A,CH1,461,bdaa36c64ae58473,DX8-A; C1+C2 night; file_nnn=461; CAUTION onboard Cell1 pack-max IR561 spr45; floor3603 imb98 (not SD); vs eve floor3654→3603 spr36→45 Cell1 550→561; reduced C1 A
2026-09-27,C1-P5,587,570,563,573,570,554,569.5,33,3539,71,21.523,3862,1800,DX8-A,CH1,463,3751d69928bc236a,DX8-A; C1+C2 night; file_nnn=463; GO spr33 but floor3539 EYE + low rest 21.523V; imb71 not SD; vs eve floor3663→3539
2026-09-27,C1-P6,558,554,547,544,560,547,551.7,16,3644,50,22.045,3861,1800,DX8-A,CH1,465,e92561c4046d6f98,DX8-A; C1+C2 night; file_nnn=465; GO spread16 floor3644; vs eve spr20→16
2026-09-27,C2-P1,531,523,521,531,522,499,521.2,32,3694,13,22.213,3861,1620,DX8-A,CH2,456,8cbfd29838bc40eb,DX8-A; C1+C2 night; file_nnn=456; GO spread32; vs eve spr23→32 avg566.2→521.2
2026-09-27,C2-P2,487,493,451,472,478,495,479.3,44,3684,22,22.201,3860,1585,DX8-A,CH2,458,d130cd08d4b20e88,DX8-A; C1+C2 night; file_nnn=458; CAUTION spread44; Cell3 pack-min IR451 FP PASS; floor3684 OK (eve EYE 3596 cleared); vs eve spr28→44 avg533.5→479.3
2026-09-27,C2-P3,534,535,517,529,524,532,528.5,18,3701,3,22.213,3860,1602,DX8-A,CH2,460,cc22aa9dabe48f50,DX8-A; C1+C2 night; file_nnn=460; GO spread18; vs eve spr26→18 avg571.7→528.5
2026-09-27,C2-P4,530,535,526,531,524,524,528.3,11,3691,10,22.182,3860,1618,DX8-A,CH2,462,7b01ec3e11464135,DX8-A; C1+C2 night; file_nnn=462; GO spread11 tightest C2 FP PASS; vs eve spr16→11
2026-09-27,C2-P5,569,567,557,563,547,550,558.8,22,3631,63,21.914,3860,1708,DX8-A,CH2,464,04a8f7630148d91f,DX8-A; C1+C2 night; file_nnn=464; GO spread22; lowest C2 rest 21.914V; vs eve spr14→22
2026-09-27,C2-P6,433,436,422,447,439,432,434.8,25,3712,18,22.329,3861,1339,DX8-A,CH2,466,bc49ff64dfc4595f,DX8-A; C1+C2 night; file_nnn=466; GO spread25; lowest C2 pack avg434.8 FP PASS; vs eve avg524.2→434.8
2026-09-30,C2-P1,494,503,492,509,501,493,498.7,17,3698,7,22.203,3860,1553,DX8-A,CH2,474,e28f3a0600bc14ab,DX8-A; C2-only night; file_nnn=474; GO spread17; vs 2026-09-27 spr32→17 avg521.2→498.7
2026-09-30,C2-P2,528,537,514,518,532,540,528.2,26,3597,103,22.055,3860,1752,DX8-A,CH2,475,768d31626155bba4,DX8-A; C2-only night; file_nnn=475; CAUTION floor3597 EYE; Cell3 pack-min IR514 FP PASS; spr26 Go (was44); vs 2026-09-27 fl3684→3597 spr44→26 avg479.3→528.2
2026-09-30,C2-P3,568,570,545,564,563,571,563.5,26,3661,35,22.062,3861,1750,DX8-A,CH2,476,f629f652325224a8,DX8-A; C2-only night; file_nnn=476; GO spread26; vs 2026-09-27 spr18→26 avg528.5→563.5
2026-09-30,C2-P4,538,548,531,542,532,544,539.2,17,3686,15,22.161,3861,1631,DX8-A,CH2,477,acd05499f13c3165,DX8-A; C2-only night; file_nnn=477; GO spread17 tied-tightest w/P1 (soft FP advisory uniqueness FAIL; no remap); vs 2026-09-27 spr11→17
2026-09-30,C2-P5,545,544,526,545,526,530,536.0,19,3681,20,22.147,3861,1659,DX8-A,CH2,478,8881fa927494282a,DX8-A; C2-only night; file_nnn=478; GO spread19; vs 2026-09-27 spr22→19 avg558.8→536.0
2026-09-30,C2-P6,493,497,483,501,497,501,495.3,18,3694,12,22.209,3860,1518,DX8-A,CH2,479,d79feb3bf4b0fdc7,DX8-A; C2-only night; file_nnn=479; GO spread18; lowest C2 pack avg495.3 FP PASS; vs 2026-09-27 avg434.8→495.3
